﻿{
  "defaultAssembly": "MyProject.Infrastructure",
  "modules": [
    //#if (!Empty)
    {
      "type": "MyProject.Infrastructure.Modules.WebApiModule",
      "properties": {
      }
    },
    {
      "type": "MyProject.Infrastructure.Modules.ApplicationModule",
      "properties": {
      }
    },
    {
      "type": "MyProject.Infrastructure.Modules.InfrastructureModule",
      "properties": {
        //#if (Mongo)
        "ConnectionString": "mongodb://10.0.75.1:27017",
        "DatabaseName": "MyProject-V01"
        //#endif
        //#if (Dapper)
        "DapperConnectionString": "Data Source=(LocalDB)\\MSSQLLocalDB;Initial Catalog=MyProjectDB;Integrated Security=True"
        //#endif
		//#if (EntityFramework)
        "SQLServerConnectionString": "Data Source=(LocalDB)\\MSSQLLocalDB;Initial Catalog=MyProjectDB;Integrated Security=True"
        //#endif
      }
    },
    {
      "type": "MyProject.Infrastructure.Modules.BusModule",
      "properties": {
		//#if (Kafka)
        "BrokerList": "10.0.75.1:9092",
        "Topic": "MyProject-V01"
		//#endif
      }
    }
    //#endif
  ]
}