{
  "$schema": "http://json.schemastore.org/template",
  "author": "Ivan Paulovich",
  "classifications": [
    "Common",
    "Library",
    "Web API"
  ],
  "name": "Caju: Back-end with the awesome architectures made easy!",
  "identity": "Paulovich.Acerola",
  "groupIdentity": "Paulovich",
  "shortName": "acerola",
  "tags": {
    "language": "C#",
    "type": "project"
  },
  "sourceName": "MyProject",
  "preferNameDirectory": true,
  "symbols": {
    "use-cases": {
      "type": "parameter",
      "datatype": "choice",
      "defaultValue": "full",
      "choices": [
        {
          "choice": "full",
          "description": "Full Solution with Two Aggregates and reading and writing operations"
        },
        {
          "choice": "basic",
          "description": "Basic Read and Write Use Cases"
        },
        {
          "choice": "readonly",
          "description": "Read only Use Cases"
        },
        {
          "choice": "none",
          "description": "Without Use Cases"
        }
      ],
      "replaces": "use-cases",
      "onlyIf": [
        {
          "after": "\"use-cases\": \""
        }
      ]
    },
    "user-interface": {
      "type": "parameter",
      "datatype": "choice",
      "defaultValue": "webapi",
      "choices": [
        {
          "choice": "none",
          "description": "None"
        },
        {
          "choice": "webapi",
          "description": "Web API"
        }
      ],
      "replaces": "user-interface",
      "onlyIf": [
        {
          "after": "\"user-interface\": \""
        }
      ]
    },
    "data-access": {
      "type": "parameter",
      "datatype": "choice",
      "defaultValue": "mongo",
      "choices": [
        {
          "choice": "mongo",
          "description": "MongoDB"
        },
        {
          "choice": "entityframework",
          "description": "Entity Framework Core"
        },
        {
          "choice": "dapper",
          "description": "Dapper"
        },
        {
          "choice": "none",
          "description": "No frameworks"
        }
      ],
      "replaces": "data-access",
      "onlyIf": [
        {
          "after": "\"data-access\": \""
        }
      ]
    },
    "tips": {
      "type": "parameter",
      "datatype": "bool",
      "description": "Includes architecture tips or not.",
      "defaultValue": "true",
      "replaces": "tips",
      "onlyIf": [
        {
          "after": "\"tips\": \""
        }
      ]
    },
    "skip-restore": {
      "type": "parameter",
      "datatype": "bool",
      "description": "Run dotnet restore after code generation.",
      "defaultValue": "false",
      "replaces": "skip-restore",
      "onlyIf": [
        {
          "after": "\"skip-restore\": \""
        }
      ]
    },
    "Empty": {
      "type": "computed",
      "value": "(use-cases == \"none\")"
    },
    "Basic": {
      "type": "computed",
      "value": "(use-cases == \"basic\")"
    },
    "ReadOnly": {
      "type": "computed",
      "value": "(use-cases == \"readonly\")"
    },
    "Full": {
      "type": "computed",
      "value": "(use-cases == \"full\")"
    },
    "UI-None": {
      "type": "computed",
      "value": "(ui == \"none\")"
    },
    "UI-Webapi": {
      "type": "computed",
      "value": "(ui == \"webapi\")"
    },
    "Mongo": {
      "type": "computed",
      "value": "(data-access == \"mongo\")"
    },
    "EntityFramework": {
      "type": "computed",
      "value": "(data-access == \"entityframework\")"
    },
    "Dapper": {
      "type": "computed",
      "value": "(data-access == \"dapper\")"
    },
    "CloseAccount": {
      "type": "computed",
      "value": "(Full)"
    },
    "Deposit": {
      "type": "computed",
      "value": "(Full)"
    },
    "GetAccountDetails": {
      "type": "computed",
      "value": "(Full || ReadOnly)"
    },
    "GetCustomerDetails": {
      "type": "computed",
      "value": "(Full || ReadOnly || Basic)"
    },
    "Register": {
      "type": "computed",
      "value": "(Full || Basic)"
    },
    "Withdraw": {
      "type": "computed",
      "value": "(Full)"
    }
  },
  "sources": [
    {
      "modifiers": [
        {
          "condition": "(Empty)",
          "exclude": [
            "MyProject.WebApi/UseCases/Register/**/*.cs",
            "MyProject.WebApi/UseCases/Deposit/**/*.cs",
            "MyProject.WebApi/UseCases/Withdraw/**/*.cs",
            "MyProject.WebApi/UseCases/GetAccountDetails/**/*.cs",
            "MyProject.WebApi/UseCases/GetCustomerDetails/**/*.cs",
            "MyProject.WebApi/UseCases/CloseAccount/**/*.cs",
            "MyProject.WebApi/Model/**/*.cs",
            "MyProject.Application/Commands/Register/**/*.cs",
            "MyProject.Application/Commands/Deposit/**/*.cs",
            "MyProject.Application/Commands/Withdraw/**/*.cs",
            "MyProject.Application/Commands/GetAccountDetails/**/*.cs",
            "MyProject.Application/Commands/GetCustomerDetails/**/*.cs",
            "MyProject.Application/Commands/Close/**/*.cs",
            "MyProject.Application/Queries/**/*.cs",
            "MyProject.Application/Results/**/*.cs",
            "MyProject.Application/Repositories/**/*.cs",
            "MyProject.Domain/Accounts/**/*.cs",
            "MyProject.Domain/Customers/**/*.cs",
            "MyProject.Domain/ValueObjects/**/*.cs",
            "MyProject.Infrastructure/DataAccess/**/*.cs",
            "MyProject.Infrastructure/Mappings/**/*.cs",			
            "MyProject.Infrastructure/Modules/**/*.cs"
          ]
        },
        {
          "condition": "(ReadOnly)",
          "exclude": [
            "MyProject.WebApi/UseCases/Register/**/*.cs",
            "MyProject.WebApi/UseCases/Deposit/**/*.cs",
            "MyProject.WebApi/UseCases/Withdraw/**/*.cs",
            "MyProject.WebApi/UseCases/CloseAccount/**/*.cs",
            "MyProject.Application/Commands/Register/**/*.cs",
            "MyProject.Application/Commands/Deposit/**/*.cs",
            "MyProject.Application/Commands/Withdraw/**/*.cs",
            "MyProject.Application/Commands/Close/**/*.cs"
          ]
        },
        {
          "condition": "(Basic)",
          "exclude": [
            "MyProject.WebApi/UseCases/Deposit/**/*.cs",
            "MyProject.WebApi/UseCases/Withdraw/**/*.cs",
            "MyProject.WebApi/UseCases/GetAccountDetails/**/*.cs",
            "MyProject.WebApi/UseCases/CloseAccount/**/*.cs",
            "MyProject.Application/Commands/Deposit/**/*.cs",
            "MyProject.Application/Commands/Withdraw/**/*.cs",
            "MyProject.Application/Commands/GetAccountDetails/**/*.cs",
            "MyProject.Application/Commands/Close/**/*.cs"
          ]
        },
        {
          "condition": "(Full)",
          "exclude": []
        },
        {
          "condition": "(!docs)",
          "exclude": [
            "**/*.md"
          ]
        },
        {
          "condition": "(!Mongo)",
          "exclude": [
            "MyProject.Infrastructure/MongoDataAccess/**/*.cs"
          ]
        },
        {
          "condition": "(!Dapper)",
          "exclude": [
            "MyProject.Infrastructure/DapperDataAccess/**/*.cs",
			"MyProject.Infrastructure/DapperDataAccess/**/*.sql"
          ]
        },
        {
          "condition": "(!EntityFramework)",
          "exclude": [
            "MyProject.Infrastructure/EntityFrameworkDataAccess/**/*.cs",
			"MyProject.Infrastructure/EntityFrameworkDataAccess/**/*.sql"
          ]
        },
        {
          "condition": "(UI-None)",
          "exclude": [
            "MyProject.WebApi/**/*"
          ]
        },
        {
          "condition": "(!UI-Webapi)",
          "exclude": [
			"Dockerfile"
          ]
        }
      ]
    }
  ],
  "primaryOutputs": [
    {
      "path": "MyProject.Application/MyProject.Application.csproj"
    },
    {
      "path": "MyProject.Domain/MyProject.Domain.csproj"
    },
    {
      "path": "MyProject.Infrastructure/MyProject.Infrastructure.csproj"
    },
    {
      "path": "MyProject.WebApi/MyProject.WebApi.csproj",
      "condition": "(user-interface == \"webapi\")"
    }
  ],
  "postActions": [
    {
      "actionId": "D396686C-DE0E-4DE6-906D-291CD29FC5DE",
      "condition": "(UI-None)",
      "args": {
        "primaryOutputIndexes": "0;1;2"
      },
      "continueOnError": true,
      "manualInstructions": [
        {
          "text": "Add projects to solution."
        }
      ]
    },
    {
      "condition": "(user-interface == \"webapi\")",
      "actionId": "D396686C-DE0E-4DE6-906D-291CD29FC5DE",
      "args": {
        "primaryOutputIndexes": "0;1;2;3"
      },
      "continueOnError": true,
      "manualInstructions": [
        {
          "text": "Add projects to solution."
        }
      ]
    },
    {
      "condition": "(!skip-restore)",
      "description": "Restore NuGet packages required by this project.",
      "manualInstructions": [
        {
          "text": "Run 'dotnet restore'"
        }
      ],
      "actionId": "210D431B-A78B-4D2F-B762-4ED3E3EA9025",
      "continueOnError": true
    }
  ]
}